heart_disease,age,trestbps,chol,thalach
0,63,145,233,150
1,67,160,286,108
1,67,120,229,129
0,37,130,250,187
0,41,130,204,172
0,56,120,236,178
1,62,140,268,160
0,57,120,354,163
1,63,130,254,147
1,53,140,203,155
0,57,140,192,148
0,56,140,294,153
1,56,130,256,142
0,44,120,263,173
0,52,172,199,162
0,57,150,168,174
1,48,110,229,168
0,54,140,239,160
0,48,130,275,139
0,49,130,266,171
0,64,110,211,144
0,58,150,283,162
1,58,120,284,160
1,58,132,224,173
1,60,130,206,132
0,50,120,219,158
0,58,120,340,172
0,66,150,226,114
0,43,150,247,171
1,40,110,167,114
0,69,140,239,151
1,60,117,230,160
1,64,140,335,158
0,59,135,234,161
0,44,130,233,179
0,42,140,226,178
1,43,120,177,120
1,57,150,276,112
1,55,132,353,132
0,61,150,243,137
1,65,150,225,114
0,40,140,199,178
0,71,160,302,162
0,59,150,212,157
1,61,130,330,169
1,58,112,230,165
0,51,110,175,123
1,50,150,243,128
0,65,140,417,157
0,53,130,197,152
0,41,105,198,168
0,65,120,177,140
1,44,112,290,153
0,44,130,219,188
1,60,130,253,144
1,54,124,266,109
1,50,140,233,163
1,41,110,172,158
0,54,125,273,152
0,51,125,213,125
1,51,130,305,142
0,46,142,177,160
1,58,128,216,131
0,54,135,304,170
1,54,120,188,113
1,60,145,282,142
1,60,140,185,155
0,54,150,232,165
1,59,170,326,140
1,46,150,231,147
0,65,155,269,148
1,67,125,254,163
1,62,120,267,99
1,65,110,248,158
1,44,110,197,177
0,65,160,360,151
1,60,125,258,141
0,51,140,308,142
0,48,130,245,180
1,58,150,270,111
0,45,104,208,148
0,53,130,264,143
0,39,140,321,182
1,68,180,274,150
0,52,120,325,172
0,44,140,235,180
0,47,138,257,156
0,53,138,234,160
0,51,130,256,149
0,66,120,302,151
1,62,160,164,145
0,62,130,231,146
0,44,108,141,175
0,63,135,252,172
1,52,128,255,161
1,59,110,239,142
1,60,150,258,157
0,52,134,201,158
0,48,122,222,186
0,45,115,260,185
0,34,118,182,174
0,57,128,303,159
0,71,110,265,130
1,49,120,188,139
0,54,108,309,156
1,59,140,177,162
1,57,128,229,150
1,61,120,260,140
1,39,118,219,140
1,61,145,307,146
1,56,125,249,144
0,52,118,186,190
1,43,132,341,136
1,62,130,263,97
0,41,135,203,132
0,58,140,211,165
0,35,138,183,182
1,63,130,330,132
1,65,135,254,127
1,48,130,256,150
1,63,150,407,154
0,51,100,222,143
1,55,140,217,111
1,65,138,282,174
0,45,130,234,175
1,56,200,288,133
1,54,110,239,126
0,44,120,220,170
0,62,124,209,163
0,54,120,258,147
0,51,94,227,154
0,29,130,204,202
0,51,140,261,186
0,43,122,213,165
0,55,135,250,161
1,70,145,174,125
1,62,120,281,103
1,35,120,198,130
0,51,125,245,166
0,59,140,221,164
1,59,170,288,159
0,52,128,205,184
1,64,125,309,131
0,58,105,240,154
1,47,108,243,152
1,57,165,289,124
0,41,112,250,179
0,45,128,308,170
0,60,102,318,160
0,52,152,298,178
0,42,102,265,122
0,67,115,564,160
1,55,160,289,145
1,64,120,246,96
1,70,130,322,109
1,51,140,299,173
1,58,125,300,171
1,60,140,293,170
0,68,118,277,151
0,46,101,197,156
1,77,125,304,162
0,54,110,214,158
0,58,100,248,122
0,48,124,255,175
0,57,132,207,168
0,54,132,288,159
1,35,126,282,156
0,45,112,160,138
1,70,160,269,112
0,53,142,226,111
1,59,174,249,143
0,62,140,394,157
1,64,145,212,132
1,57,152,274,88
0,52,108,233,147
1,56,132,184,105
0,43,130,315,162
0,53,130,246,173
1,48,124,274,166
1,56,134,409,150
0,42,148,244,178
0,59,178,270,145
1,60,158,305,161
0,63,140,195,179
0,42,120,240,194
1,66,160,246,120
1,54,192,283,195
1,69,140,254,146
0,50,129,196,163
1,51,140,298,122
1,62,138,294,106
0,68,120,211,115
1,67,100,299,125
0,69,160,234,131
0,45,138,236,152
0,50,120,244,162
1,59,160,273,125
0,50,110,254,159
0,64,180,325,154
0,57,150,126,173
0,64,140,313,133
0,43,110,211,161
1,45,142,309,147
1,58,128,259,130
1,50,144,200,126
0,55,130,262,155
1,62,150,244,154
0,37,120,215,170
1,38,120,231,182
0,41,130,214,168
1,66,178,228,165
1,52,112,230,160
0,56,120,193,162
0,46,105,204,172
0,46,138,243,152
0,64,130,303,122
0,59,138,271,182
0,41,112,268,172
0,54,108,267,167
0,39,94,199,179
1,53,123,282,95
1,63,108,269,169
0,34,118,210,192
0,47,112,204,143
0,67,152,277,172
1,54,110,206,108
1,66,112,212,132
0,52,136,196,169
1,55,180,327,117
1,49,118,149,126
0,74,120,269,121
0,54,160,201,163
1,54,122,286,116
1,56,130,283,103
1,46,120,249,144
0,49,134,271,162
0,42,120,295,162
0,41,110,235,153
0,41,126,306,163
0,49,130,269,163
1,61,134,234,145
0,60,120,178,96
1,67,120,237,71
1,58,100,234,156
1,47,110,275,118
1,52,125,212,168
0,62,128,208,140
0,57,110,201,126
1,58,146,218,105
0,64,128,263,105
0,51,120,295,157
0,43,115,303,181
0,42,120,209,173
0,67,106,223,142
0,76,140,197,116
0,70,156,245,143
1,57,124,261,141
0,44,118,242,149
1,58,136,319,152
0,60,150,240,171
0,44,120,226,169
1,61,138,166,125
1,42,136,315,125
1,59,126,218,134
1,40,152,223,181
0,42,130,180,150
1,61,140,207,138
0,66,160,228,138
1,46,140,311,120
0,71,112,149,125
1,59,134,204,162
0,64,170,227,155
0,66,146,278,152
0,39,138,220,152
1,57,154,232,164
0,58,130,197,131
1,57,110,335,143
0,47,130,253,179
1,55,128,205,130
0,35,122,192,174
1,61,148,203,161
1,58,114,318,140
1,58,170,225,146
0,56,130,221,163
0,56,120,240,169
1,67,152,212,150
0,55,132,342,166
1,44,120,169,144
1,63,140,187,144
1,63,124,197,136
0,41,120,157,182
1,59,164,176,90
1,57,140,241,123
1,45,110,264,132
1,68,144,193,141
1,57,130,131,115
1,57,130,236,174